USE TeConstruye
GO

INSERT INTO Cliente (cedula, nombre, apellido1, apellido2, telefono, correo) VALUES
('274920850', 'Melissa', 'Stone', 'Vega', '303-095-1507', 'vugcore1@example.com'),
('654789896', 'Bridgett', 'Colon', 'Weaver', '4218817658', 'jaalhl.uhjxz@example.com'),
('123123312', 'Shonda', 'Daniels', 'Mc Mahon', '441-964-0282', 'iqxkm949@example.com'),
('321321350', 'Kendra', 'Cole', 'Browning', '643-5557947', 'gctvhlu.sdeivsh@example.com'),
('753951406', 'Dustin', 'Flowers', 'Petty', '888-181-6033', 'ocuqw@example.com'),
('159852468', 'Harvey', 'Carey', 'Zavala', '415435-5322', 'garvl@example.com'),
('789963765', 'Peter', 'Krueger', 'Chang', '556-738-7472', 'nvqcd.wyvrqwbzme@example.com'),
('357410959', 'Clinton', 'Evans', 'Meyer', '385-354-9188', 'xazaq0@example.com'),
('123654965', 'Jody', 'Burke', 'Kennedy', '476-0002091', 'vtjhvv.ugamu@example.com'),
('789541087', 'Autumn', 'Joyce', 'Moore', '207194-0151', 'wbry@example.com'),
('236581255', 'Elton', 'Gilmore', 'Lucas', '464-206-3868', 'dfwdzmvt@example.com'),
('332121376', 'Margarita', 'Coleman', 'Morse', '179-3210624', 'fizdm@example.com'),
('303031441', 'Krystal', 'Curtis', 'Cannon', '945-6300542', 'cqhpzjq.qhro@example.com'),
('101011455', 'Carla', 'Ponce', 'Gonzales', '102-485-0919', 'nfulzc32@example.com'),
('111111505', 'Dora', 'Miranda', 'Bauer', '409-977-0575', 'hwtmh99@example.com'),
('304920856', 'Wendi', 'Hanson', 'Buckley', '0023798453', 'uxiamo.tuhua@example.com'),
('123981736', 'Dewayne', 'Stone', 'Robertson', '7635527180', 'jfod.sjmshv@example.com'),
('125487856', 'Kerrie', 'Banks', 'Adkins', '486718-1543', 'wnsfod44@example.com'),
('302004058', 'Xavier', 'Larson', 'Flynn', '3913463927', 'zxyh.jmzjglgo@example.com'),
('208585811', 'Rafael', 'Horton', 'Gregory', '207-1996989', 'ekuurqi702@example.com');

INSERT INTO Proyecto (id, ubicacion, id_cliente) VALUES
('Cartago', '274920850'),
('Cartago', '6547898960'),
('Cartago', '123123312'),
('Cartago', '321321350'),
('San Jose', '753951406'),
('San Jose', '159852468'),
('San Jose', '789963765'),
('San Jose', '357410959'),
('San Jose', '123654965'),
('Heredia', '789541087'),
('Heredia',  '236581255'),
('Heredia', '332121376'),
('Heredia', '303031441'),
('Alajuela', '101011455'),
('Alajuela', '111111505'),
('Alajuela', '304920856'),
('Guanacaste', '123981736'),
('Guanacaste', '125487856'),
('Limon', '302004058'),
('Puntarenas', '208585811');

INSERT INTO Anotaciones (id_proyecto, fecha) VALUES 
(1, '2014-08-26'),
(2, '2007-09-05'),
(3, '2003-02-26'),
(4, '2018-09-19'),
(5, '2002-01-26'),
(6, '2005-10-29'),
(7, '2015-03-29'),
(8, '2008-06-19'),
(9, '2004-04-10'),
(10,'2000-03-18'),
(11,'2014-07-17'),
(12,'2000-07-18'),
(13,'2000-02-22'),
(14,'2009-09-09'),
(15,'2007-04-05'),
(16,'2005-04-23'),
(17,'2013-05-11'),
(18,'2004-06-21'),
(19,'2013-11-23'),
(20,'2001-09-09');


INSERT INTO Etapas (id_proyecto, nombre, descripcion, fecha_inicio, fecha_fin) VALUES
(1, 'Trabajo Preliminar', 'Se limpia y aplana la zona de construccion', '2014-09-01', '2014-09-10'),
(2, 'Cimientos', 'Se realizan los cimientos que daran soporte a la estructura', '2003-08-28','2003-09-01'),
(3, 'Paredes', 'Se levantan las paredes de la construccion', '2002-05-31' ,'2002-06-28'),
(4, 'Concreto Reforzado', 'Se realiza el refuerzo de en el concreto', '2006-01-14','2006-04-26' ),
(5, 'Techos', 'Se inicia a colocar el techado de la estructura', '2016-11-12','2016-12-02' ),
(6, 'Repello', 'Se repellan las paredes', '2014-03-26' ,'2014-04-23'),
(7, 'Entrepisos' ,'Se coloca el entrepiso', '2007-11-11' ,'2007-12-19'),
(8, 'Enchapes', 'Se inicia el enchapado en los lugares requeridos', '2007-05-06' ,'2007-11-10'),
(9, 'Instalacion Pluvial',	'Se instalan las tuberias', '2016-02-24' ,'20016-03-06'),
(10, 'Instalacion Sanitaria', 'Se colocan los sanitarios', '2006-06-15' ,'2006-07-21'),
(11, 'Instalacion Electrica', 'Se realiza la instalacion electrica', '2009-12-01' ,'2009-12-23'),
(12, 'Puertas', 'Se colocan las puertas', '2011-11-08' ,'2011-11-27'),
(13, 'Cerrajeria', 'Se colocan llavines', '2013-01-15' ,'2013-03-15' ),
(14, 'Ventanas', 'Se ponen los vidrios en las ventanas', '2010-07-08' ,'2010-07-31'),
(15, 'Closets', 'Se instalan los closets en habitaciones', '2015-06-15' ,'2015-06-27'),
(16, 'Muebles', 'Se colocan todos los muebles en la casa', '2018-07-03' ,'2018-08-01'),
(17, 'Pintura', 'Se pinta toda la estructura para mejorar su imagen', '2016-10-12' ,'2016-11-22'),
(18, 'Escaleras', 'Se colocan escaleras en caso de ser necesario', '2013-05-11' ,'2013-08-27');


INSERT Empleado (cedula, nombre, apellido1, apellido2, telefono) VALUES 
('304920877', 'Marc', 'Kelley', 'Nolan', '653-5167927'),
('664556705', 'Melody', 'James', 'Cummings', '379709-4241'),
('288785464', 'Dylan', 'Dixon', 'Blevins', '961-832-5642'),
('385982474', 'Jeannie', 'Faulkner', 'Kim', '167583-6508'),
('185455468', 'Maureen', 'Velasquez', 'Kaiser', '3640729480'),
('455065758', 'Jim', 'Peck', 'Stephenson', '157745-1285'),
('536135785', 'Kathryn', 'Beasley', 'Harrison', '2249174400'),
('278801474', 'Erica', 'Stevens', 'Shields', '093-183-8121'),
('184828587', 'Bobbie', 'Francis', 'Fuentes', '896-6990883'),
('610726107', 'Craig', 'Payne', 'Greer', '344-196-4906'),
('122356107', 'Shawn', 'Gaines', 'Mc Cormick', '7954780060'),
('335406107', 'Ivan', 'Boyd', 'Terrell', '200-4688348'),
('681176107', 'Meghan', 'Mckenzie', 'Morrison', '692-0295590'),
('613766137', 'Angie', 'Sims', 'Howe', '0354961097'),
('204676136', 'Kelley', 'Stevenson', 'Gutierrez', '530-1749038'),
('560991376', 'Ernesto', 'Hines', 'Aguyen', '978-5757362'),
('053845985', 'Randall', 'Mueller', 'Sanford', '032154-2986'),
('656495982', 'Dion', 'Lloyd', 'Wallace', '367-3283827'),
('959828177', 'Marvin', 'Cantrell', 'Terrell', '711-683-3238'),
('601598232', 'Rex', 'Ritter', 'Joseph', '698064-7537');


INSERT INTO Roles (id_empleado, rol) VALUES
(1, 'Albañil'),
(2, 'Albañil'),
(3, 'Albañil'),
(4, 'Albañil'),
(5, 'Albañil'),
(6, 'Albañil'),
(7, 'Albañil'),
(8, 'Albañil'),
(9, 'Albañil'),
(10,'Ing Electrico'),
(11,'Ing Electrico'),
(12,'Ing Electrico'),
(13,'Aquitecto'),
(14,'Aquitecto'),
(15,'Ing Civil'),
(16,'Ing Civil'),
(17,'Ing Civil'),
(18,'Ing Materiales'),
(19,'Ing Materiales'),
(20,'Ing Materiales');

INSERT INTO Horas_laboradas (id_proyecto, id_empleado, fecha, horas) VALUES
 (1, 1, '1983-03-08', 8),
 (2, 2, '1997-04-30', 1),
 (3, 3, '2003-03-31', 5),
 (4, 4, '1988-02-21', 3),
 (5, 5, '1997-05-01', 6),
 (6, 6, '1973-01-26', 7),
 (7, 7, '1987-06-09', 9),
 (8, 8, '1966-03-23', 4),
 (9, 9, '1967-12-17', 4),
 (10,10, '2002-02-14', 9),
 (11, 11, '1962-08-29', 3),
 (12, 12, '1978-03-10', 8),
 (13, 13, '1998-03-23', 3),
 (14, 14, '1993-01-07', 4),
 (15, 15, '1965-04-23', 3),
 (16, 16, '1966-04-09', 6),
 (17, 17, '1999-09-30', 3),
 (18, 18, '1965-11-25', 9),
 (19, 19, '1962-09-25', 4),
 (20, 20, '1992-02-11', 7);

 INSERT INTO Materiales (nombre, detalle, precio) VALUES
 ('Backhoe', 'Maquinaria por hora', 14000),
 ('Niveladora', 'Maquinaria por hora', 14000),
 ('Cemento', 'Holcim 50Kg', 6400),
 ('Conceto seco', 'Concremix 40Kg', 3100),
 ('Mortero Repemax', 'Repemax 40kg', 3350),
 ('Mortero Bondex', 'Bondex 25kg', 5400),
 ('Muro Seco Impersa', 'Impersa 20kg', 3600),
 ('Muro Seco Repemax', 'Repemax 25kg', 5200),
 ('Varilla 3/8', 'Varilla deformada 3/8, 6mts', 1650),
 ('Varilla 1/2', 'Varilla deformada 1/2, 6mts', 3030),
 ('Arena', 'Arena de tajo/metro cúbico', 16000),
 ('Piedra cuarta', 'Piedra cuartilla de tajo/metro cúbico', 18000),
 ('Piedra quinta', 'Piedra quinta de tajo/metro cúbico', 19000),
 ('Lastre fino', 'De tajo/metro cúbico', 15000),
 ('Block 12x20x40cm', 'Clase A', 420),
 ('Block 15x20x40cm', 'Clase A', 560),
 ('Madera 1x12', 'Madera semidura sin cepillo 1x12/vara', 1500),
 ('Madera 1x3', 'Madera semidura sin cepillo 1x3/vara', 375),
 ('Soldadura 1/8', '1/8 pulgada /kg', 4800),
 ('Soldadura 3/32', '3/32 pulgada /kg', 4900),
 ('Tape eléctrico', '3/4pulgada 3mts', 2600),
 ('Tubo PVC 1/2', 'Tubo presión 6mts', 6400),
 ('Tubo conduit 3/4', 'PVC tipo A de 3/4', 2700),
 ('Tubo sanitario', 'PVC 2 pulgadas', 9400),
 ('Codo sanitario', 'PVC 4 pulgadas', 4600),
 ('Rodillo', 'Rodillo para pintar',1200),
 ('Felpa para rodillo', '3/4 pulgadas', 1200),
 ('Brocha Pretul', '3 pulgadas', 1400),
 ('Brocha Atlas', '2 pulgadas', 2200),
 ('Pintura esmalte blanca', 'Sur, Galon', 12000),
 ('Pintura goltex base', 'Sur, Galon', 20000),
 ('Anticorrosivo Sur Rojo', 'Sur, Galon', 11000),
 ('Anticorrosivo Lanco Negro', 'Lanco, Galon', 17000),
 ('Bombillo incandescente', '100W potencia', 350),
 ('Caja ETM 4x4', 'caja cuadrada 4x4 pulgadas', 700),
 ('Caja ETM 1/2', 'caja rectangular 1/2 pulgadas', 500),
 ('Caja ETM 3/4', 'caja rectangular 3/4 pulgadas', 500),
 ('Tomacorriente sencillo', 'polarizado', 1100),
 ('Tomacorriente doble', 'doble polarizado', 1100),
 ('Encendedor sencillo', 'Un encendedor', 1500),
 ('Encendedor doble', 'Dos encendedores', 2200),
 ('Encendedor three way', 'Three way switch', 1600),
 ('Enchufe polarizado', 'Hule, 15A', 800),
 ('Lámina techo rectangular', 'Esmaltada blanca 1.07x3.66mts', 18000),
 ('Lámina techo ondulada', 'Galvanizada, 0.81x3.66mts', 12300),
 ('Lámina techo  policarbonato', 'Transparenre, 0.81x3.66mts', 11000),
 ('Lámina techo tipo teja', 'Teja Colonial, 1.05x3.66mts', 18600),
 ('Tornillo techo', 'Punta de broca, 100 unidades', 400),
 ('Lámina Gypsum', 'Blanca 1.22x2.44mts', 3600),
 ('Malla electrosoladada', '2.20x6mts, 3.80mm', 12000),
 ('WD-40', 'Aceite penetrante', 2800),
 ('Llave chorro 1/2', 'Pfister 1/2pulgada', 4000),
 ('Grifería Ducha 013CSVC', 'Pfister cromo', 13000),
 ('Grifería Ducha 013CSLC', 'Pfister cromo', 14000),
 ('Cabeza Ducha Redonda', 'Pfister cromo', 10000),
 ('Grifería Fregadero 036CSLC', 'Pfister cromo', 30000),
 ('Grifería Fregadero 036CSVC', 'Pfister cromo', 29000),
 ('Grifería Lavatorio 040CSVPC', 'Pfister cromo', 10000),
 ('Grifería Lavatorio 040CSLPC', 'Pfister cromo', 12000),
 ('Lampara Techo Ptl-5050', 'Tecnolite', 35000),
 ('Lampara Techo Globo Ptl-5110', 'Tecnolite', 21000),
 ('Lampara Techo base madera', 'Tecnolite', 40000),
 ('Lampara Techo base vidrio', 'Tecnolite', 40000),
 ('Ventilador Techo 3 aspas', 'Hunter', 115000),
 ('Ventilador Techo 5 aspas', 'Hunter', 75000);

 INSERT INTO MaterialesxEtapa (id_etapa, id_material, cantidad) VALUES
 (1, 1, 3),
 (1, 2, 3),
 (2, 8, 2),
 (2, 5, 4),
 (3, 3, 3),
 (4, 4, 2),
 (5, 5, 6),
 (6, 6, 7),
 (7, 7, 8),
 (8, 8, 2),
 (9, 9, 44),
 (10, 10, 4),
 (11, 11, 5),
 (12, 12, 6),
 (13, 13, 99),
 (14, 14, 21),
 (15, 15, 4),
 (16, 16, 5),
 (17, 17, 7),
 (18, 18, 8);

 INSERT INTO Proveedor (nombre) VALUES
 ('EPA'),
 ('Colono Construcción'),
 ('El Lagar'),
 ('Construplaza'),
 ('Ferretería Iztarú'),
 ('Infesa'),
 ('Las Gravilias'),
 ('Ferretería Santa Rosa'),
 ('Deposito Ferretero Pacayas'),
 ('Ferretería el Roble'),
 ('Ferretería el Mar'),
 ('Ferretería la Ruta'),
 ('Ferretería la Trinidad'),
 ('Ferretería la Lima'),
 ('Ferretería los Ángeles'),
 ('Ferretería Capris'),
 ('Ferjuca'),
 ('Fermaco'),
 ('Cofresa'),
 ('Ferretería Cipreses'),
 ('Ferretería Lomas'),
 ('Indudi S.A.'),
 ('Ferretería la Union S.A'),
 ('Ferretería Boston'),
 ('Vetcomer S.A.'),
 ('Ferreutil');







 
